Geography,Year,Average income (dollars),Median income (dollars),"Number of persons (x 1,000)",Percentage without income,Percentage with income,"Percentage under $10,000 (including loss)","$10,000 to $19,999","$20,000 to $29,999","$30,000 to $39,999","$40,000 to $49,999","$50,000 to $59,999","$60,000 and over"
St. John's,1976,,,,,,,,,,,,
St. John's,1977,,,,,,,,,,,,
St. John's,1978,,,,,,,,,,,,
St. John's,1979,,,,,,,,,,,,
St. John's,1980,,,,,,,,,,,,
St. John's,1981,,,,,,,,,,,,
St. John's,1982,,,,,,,,,,,,
St. John's,1983,,,,,,,,,,,,
St. John's,1984,,,,,,,,,,,,
St. John's,1985,,,,,,,,,,,,
St. John's,1986,,,,,,,,,,,,
St. John's,1987,,,,,,,,,,,,
St. John's,1988,,,,,,,,,,,,
St. John's,1989,,,,,,,,,,,,
St. John's,1990,,,,,,,,,,,,
St. John's,1991,,,,,,,,,,,,
St. John's,1992,,,,,,,,,,,,
St. John's,1993,,,,,,,,,,,,
St. John's,1994,,,,,,,,,,,,
St. John's,1995,,,,,,,,,,,,
St. John's,1996,,,,,,,,,,,,
St. John's,1997,,,,,,,,,,,,
St. John's,1998,"23,700","21,000",129,4.8,95.2,28.8,19.8,18.4,16.2,8.5,3.5,4.7
St. John's,1999,"24,600","21,200",135,5.2,94.8,26.4,21.3,19.9,14.5,10.1,3.8,4.1
St. John's,2000,"25,000","20,800",142,4,96,25.5,21.9,19.1,14.5,9.7,4.1,5.2
St. John's,2001,"25,400","21,400",142,4.7,95.3,24.1,23.2,18.4,13.6,10.7,4.9,5.2
St. John's,2002,"26,000","21,400",136,4.3,95.7,23.6,23,18.5,13.7,10.1,4.4,6.6
St. John's,2003,"25,500","22,000",137,4.6,95.4,21.9,24,19,15.8,9,4.5,5.9
St. John's,2004,"26,100","21,000",140,4.5,95.5,23.5,24.7,17.1,14.2,8.4,5.1,7.1
St. John's,2005,"26,800","22,600",131,2.8,97.2,23,21.3,22.5,13.6,7.6,5.2,6.8
St. John's,2006,"28,300","23,300",136,2.9,97.1,20.3,23,21.2,13.4,9.2,5.2,7.7
St. John's,2007,"29,300","23,000",139,2.3,97.7,19.1,24.4,20.3,13.1,8,5.6,9.4
St. John's,2008,"31,700","26,000",149,2.8,97.2,19.2,19.1,20.5,13.9,10,6,11.2
St. John's,2009,"32,700","26,800",142,2.6,97.4,17.7,17.5,20.3,13.9,13.3,5.7,11.6
St. John's,2010,"34,200","27,800",151,2.8,97.2,17.2,19.2,17.3,13.9,11.6,7.3,13.4
St. John's,2011,"35,500","30,500",173,2.3,97.7,16.9,16.1,16.5,15.8,12,7.9,14.7
Halifax,1976,"24,100","21,100",176,19,81,33,15.1,16.4,13,9.1,8.1,5.4
Halifax,1977,"24,300","19,700",181,15,85,32.9,17.7,13.8,12.6,10.4,6.5,6.1
Halifax,1978,"26,400","22,100",169,12.7,87.3,31.4,15.2,15.3,12.4,11.2,5.4,9.2
Halifax,1979,"23,900","19,700",195,14.8,85.2,31.1,19.7,14,15.1,7.7,7,5.3
Halifax,1980,"24,700","19,300",193,13.1,86.9,32.1,18.7,15.9,10.8,9.1,6.7,6.8
Halifax,1981,"24,600","20,400",186,10.2,89.8,30.1,19,16.6,12,10.4,5.2,6.6
Halifax,1982,"24,900","20,800",192,10.3,89.7,30.5,17.6,16.6,13.4,9.2,6.4,6.3
Halifax,1983,"25,600","22,600",205,8.6,91.4,26.4,19,18.1,13.7,11.4,6.3,5
Halifax,1984,"26,000","21,000",230,9.6,90.4,29.4,18.5,17.1,11.8,9.4,7,6.9
Halifax,1985,"27,300","21,500",239,8.9,91.1,27.6,20.1,15.7,12.7,9.8,6.2,8
Halifax,1986,"28,300","23,300",236,8.9,91.1,24.2,18.8,19.2,12.9,9.5,5.9,9.4
Halifax,1987,"26,000","22,100",238,8.4,91.6,26,19.9,17.8,13.9,8.5,7,6.8
Halifax,1988,"25,700","22,700",242,8.3,91.7,27.2,19.4,17,12.3,12.3,5.9,5.9
Halifax,1989,"27,000","22,300",245,6.8,93.2,21.3,22.8,19.3,12.3,10.7,6.6,7.1
Halifax,1990,"27,400","23,500",245,6.6,93.4,20.8,19.5,22.1,12.8,10.3,7.9,6.7
Halifax,1991,"26,100","21,100",251,7.9,92.1,24.9,22.4,16.1,13.3,11,4.8,7.4
Halifax,1992,"26,200","21,000",256,8.4,91.6,25.2,23.9,14.9,13.9,8.7,6.1,7.2
Halifax,1993,"26,300","22,700",249,5,95,24.4,20.3,17.5,13.4,12.9,6.2,5.3
Halifax,1994,"25,200","21,800",256,6.6,93.4,25.4,20.4,17.9,14.7,11.6,5.4,4.6
Halifax,1995,"23,900","20,200",261,5.6,94.4,25.1,24.6,16.8,14.1,11.6,4.7,3.1
Halifax,1996,"24,800","21,300",272,5.3,94.7,24.3,22.8,17.2,15.2,10.8,6.1,3.6
Halifax,1997,"24,400","20,800",278,6.1,93.9,27.6,20.8,17.7,14.2,10,5,4.8
Halifax,1998,"25,800","21,500",286,3.9,96.1,25.7,21.3,15.9,14.9,10.9,5.9,5.4
Halifax,1999,"26,900","22,400",280,3.9,96.1,24.7,20.2,16.5,15,10.7,6.1,6.8
Halifax,2000,"27,500","23,400",282,3.8,96.2,21.4,22.6,18.1,13.7,10.4,5.9,7.9
Halifax,2001,"27,500","23,400",287,3.5,96.5,22.4,19.6,19.1,14.4,11.9,4.8,7.8
Halifax,2002,"28,600","23,700",280,2.4,97.6,21.4,21.3,17.5,15.6,8.6,8.1,7.5
Halifax,2003,"28,200","22,700",281,3.4,96.6,22.5,20.8,18.1,15.9,7.6,6.2,8.9
Halifax,2004,"28,500","23,600",282,2.9,97.1,22.7,19.9,16.3,16.4,9.2,6.6,8.8
Halifax,2005,"29,800","25,000",288,2.1,97.9,20.6,19.9,17,15.1,10.8,7.6,9.2
Halifax,2006,"30,900","26,600",300,2.9,97.1,21.2,15.9,18.2,15.4,10.4,8.3,10.7
Halifax,2007,"31,500","27,400",306,4,96,22.1,16.7,15.6,14.2,12.5,8.2,10.7
Halifax,2008,"31,000","25,500",321,3.5,96.5,22.1,20.5,14.7,12.5,11.4,7.8,11
Halifax,2009,"31,500","24,300",336,3.7,96.3,22,20.2,14.4,12.1,9.9,9.3,12
Halifax,2010,"32,200","27,000",334,2.2,97.8,19.5,17.6,18.2,12.3,11.7,9.4,11.2
Halifax,2011,"33,200","29,300",348,2.4,97.6,19.4,15.6,16.2,15,12.9,8.4,12.4
Québec,1976,"27,200","19,600",410,18.6,81.4,34,16.8,13.8,10.4,9.9,5.7,9.5
Québec,1977,"24,900","19,400",392,18.1,81.9,34.6,16.5,14.4,11.1,9,6.1,8.2
Québec,1978,"25,000","19,500",427,18.5,81.5,35.3,15.1,12.3,14,8.4,5.2,9.6
Québec,1979,"26,000","22,200",382,16.1,83.9,29.1,18.3,15.1,12.8,8.6,8.1,8
Québec,1980,"24,900","19,700",421,14.2,85.8,33.5,17.7,13.3,12.2,10,4.5,8.8
Québec,1981,"24,100","19,400",415,13.9,86.1,31.3,19.9,16.9,12.3,6.7,5.5,7.3
Québec,1982,"23,100","17,800",397,12.5,87.5,32.7,21.3,14.5,12.3,8,5.1,6.1
Québec,1983,"23,600","17,400",417,12.1,87.9,29.6,24.5,11.5,14,8.7,6.4,5.3
Québec,1984,"24,000","19,700",488,11.5,88.5,28,22.2,18.6,11.9,8.3,6,5
Québec,1985,"24,700","20,700",492,9.9,90.1,27.1,20.3,19.9,14.3,6.7,5.5,6.2
Québec,1986,"23,800","19,100",488,13.7,86.3,30.9,21.1,16.3,12.4,8.3,5.2,5.8
Québec,1987,"24,500","22,100",500,11.8,88.2,27.1,20.5,16.9,13.6,10.8,7.5,3.6
Québec,1988,"24,200","20,300",512,9.4,90.6,25.6,23.5,18.9,12.7,10,4.1,5.1
Québec,1989,"26,000","23,200",506,8,92,21.7,22.4,19.5,15.7,9.3,6.3,5.1
Québec,1990,"23,100","19,000",524,8.4,91.6,26.1,25.4,17.7,14,8.5,4.4,3.8
Québec,1991,"24,700","20,100",530,10.1,89.9,26.8,22.8,14.8,15,8.8,7,4.8
Québec,1992,"23,500","19,400",538,9,91,24.7,27.6,16.7,13.2,8.1,4.3,5.5
Québec,1993,"24,200","21,100",527,7.3,92.7,24.7,23.7,18.1,14.1,10.8,4.3,4.3
Québec,1994,"24,300","19,800",542,8.2,91.8,25.4,25.3,16.8,13.6,8.3,5.3,5.2
Québec,1995,"25,000","22,200",550,8.5,91.5,23.5,22.2,18.4,16.5,10.1,4.6,4.7
Québec,1996,"24,100","19,900",573,8.8,91.2,27,23.1,16.4,14.1,9.8,5.2,4.3
Québec,1997,"24,500","20,500",579,7.3,92.7,26.7,22.4,15.4,16,9.8,5.5,4.2
Québec,1998,"24,500","21,900",606,5.7,94.3,24.1,22.4,19.4,15.4,10.5,4.8,3.3
Québec,1999,"25,600","22,800",618,4.6,95.4,22.1,22.6,19.1,15.5,11.5,5.6,3.7
Québec,2000,"26,100","22,600",630,3.7,96.3,19.9,23.9,20.5,15,10.2,6.3,4.2
Québec,2001,"27,100","23,100",617,4,96,18.3,24.2,19.9,14.1,11.4,6.8,5.3
Québec,2002,"28,600","24,200",549,2.3,97.7,17,21.6,23.3,14.2,9.5,8.4,6.1
Québec,2003,"28,700","24,700",583,2.5,97.5,18.7,19.2,21.5,16.8,10.3,7.2,6.3
Québec,2004,"30,400","26,000",581,2.4,97.6,17.4,19.5,20.4,16.7,11.6,7.8,6.5
Québec,2005,"29,900","25,100",562,1.3,98.7,17.9,19.4,22.5,16.8,10.3,6.1,7.1
Québec,2006,"30,700","27,500",534,1.6,98.4,15,19.2,21.8,18.7,11.1,6.4,7.8
Québec,2007,"31,300","27,500",554,1.5,98.5,17.2,18,19.5,19.2,10.2,6.7,9.2
Québec,2008,"32,100","29,600",633,1.4,98.6,16.3,15.5,18.8,19.8,12.2,6.7,10.7
Québec,2009,"35,600","31,000",631,2.1,97.9,14.8,12.5,20.3,20.7,11.6,8.2,11.9
Québec,2010,"34,100","31,200",662,1.3,98.7,14.1,14.8,18.9,21.1,12.1,7.7,11.2
Québec,2011,"34,300","29,900",651,1.4,98.6,15.2,17.6,17.4,16.7,15.1,7.4,10.6
Sherbrooke,1976,,,,,,,,,,,,
Sherbrooke,1977,,,,,,,,,,,,
Sherbrooke,1978,,,,,,,,,,,,
Sherbrooke,1979,,,,,,,,,,,,
Sherbrooke,1980,,,,,,,,,,,,
Sherbrooke,1981,,,,,,,,,,,,
Sherbrooke,1982,,,,,,,,,,,,
Sherbrooke,1983,,,,,,,,,,,,
Sherbrooke,1984,,,,,,,,,,,,
Sherbrooke,1985,,,,,,,,,,,,
Sherbrooke,1986,,,,,,,,,,,,
Sherbrooke,1987,,,,,,,,,,,,
Sherbrooke,1988,,,,,,,,,,,,
Sherbrooke,1989,,,,,,,,,,,,
Sherbrooke,1990,,,,,,,,,,,,
Sherbrooke,1991,,,,,,,,,,,,
Sherbrooke,1992,,,,,,,,,,,,
Sherbrooke,1993,,,,,,,,,,,,
Sherbrooke,1994,,,,,,,,,,,,
Sherbrooke,1995,,,,,,,,,,,,
Sherbrooke,1996,,,,,,,,,,,,
Sherbrooke,1997,,,,,,,,,,,,
Sherbrooke,1998,"21,100","18,600",106,6.3,93.7,26.2,26.4,23.3,13.1,6.6,2.9,1.6
Sherbrooke,1999,"22,400","19,300",108,4.3,95.7,22.8,29.6,21.6,12.5,7.1,4.1,2.4
Sherbrooke,2000,"24,100","19,400",105,4.1,95.9,18.3,32.9,18.3,14.1,8.4,4.1,3.9
Sherbrooke,2001,"23,600","19,600",112,3.5,96.5,17.7,35.1,15.9,15,9.5,3.6,3.2
Sherbrooke,2002,"26,300","22,100",122,2.5,97.5,18.3,25.8,21.4,16.6,8.5,3.1,6.3
Sherbrooke,2003,"27,000","22,800",123,3,97,17.8,25.4,21.2,15.9,10.4,4.4,5
Sherbrooke,2004,"26,900","23,500",121,2.9,97.1,17.1,25.3,20.6,16.5,9.7,4.9,5.9
Sherbrooke,2005,"28,100","23,500",137,2.5,97.5,16.9,23.3,24,16.1,8.9,4.1,6.7
Sherbrooke,2006,"29,000","24,100",146,1.9,98.1,16.7,22.5,23.2,16.8,7.9,5.5,7.5
Sherbrooke,2007,"29,700","24,300",152,1.6,98.4,17.1,22.4,22.7,13.6,10.4,4.3,9.5
Sherbrooke,2008,"28,700","24,100",154,1.6,98.4,19.7,21,19.9,15.8,8.6,6.9,8
Sherbrooke,2009,"29,900","24,100",159,3.4,96.6,19.8,22.3,18.8,15.2,8.5,6.2,9.3
Sherbrooke,2010,"30,500","24,800",158,2,98,19.3,20.9,21.2,15.4,8.2,4.9,10.1
Sherbrooke,2011,"29,800","24,300",164,2.1,97.9,15.2,23.5,21.6,16.7,9.8,4.5,8.7
Montréal,1976,"24,300","19,700","2,136",17.7,82.3,32.7,17.7,16.3,12,9.4,5,7
Montréal,1977,"24,800","21,500","2,217",18.4,81.6,32,15.9,15.7,12.7,10,7.1,6.6
Montréal,1978,"25,500","21,400","2,178",19,81,31.3,16.5,15.3,12.9,10.6,5.9,7.7
Montréal,1979,"25,000","21,000","2,327",17,83,32,16.2,15.5,13.3,11,5.7,6.3
Montréal,1980,"24,300","20,600","2,284",16.2,83.8,30.1,18.6,17.3,11.9,9.8,6.5,5.8
Montréal,1981,"24,900","21,200","2,392",15,85,28.6,19.3,16.2,14.3,9.8,6.1,5.6
Montréal,1982,"24,000","20,300","2,369",13.4,86.6,28.5,20.5,17.5,14.2,8.9,5.3,5
Montréal,1983,"23,600","19,100","2,408",13,87,29.1,22.8,15.2,12.4,9.6,5.5,5.4
Montréal,1984,"24,400","19,500","2,369",10.7,89.3,28.5,22.6,15.9,11.7,9.6,5.7,6.1
Montréal,1985,"24,700","20,000","2,434",10.4,89.6,26.1,23.9,16.7,12.7,8.4,6,6.2
Montréal,1986,"25,100","21,400","2,490",10.7,89.3,25.5,22.3,17.3,13.9,10,5.8,5.2
Montréal,1987,"24,900","20,300","2,515",9.7,90.3,25.8,23.5,17.5,13.5,9.1,4.8,5.9
Montréal,1988,"24,900","20,600","2,534",8.4,91.6,24.5,24.3,17.4,14,9.8,4.9,5.1
Montréal,1989,"25,800","21,500","2,576",8.3,91.7,22.1,24.1,19.5,13.8,9.6,5.1,5.8
Montréal,1990,"25,000","21,000","2,558",7.8,92.2,22.8,24.9,19.9,13.9,8.4,4.1,5.9
Montréal,1991,"23,400","19,500","2,615",9.4,90.6,25.4,25.9,18.9,13.8,8.2,3.4,4.5
Montréal,1992,"24,500","20,500","2,615",8.5,91.5,24.9,23.6,18,15.1,8.2,5.1,5.3
Montréal,1993,"22,800","19,400","2,595",8.2,91.8,25.9,25.5,19.4,13.1,9,3.5,3.5
Montréal,1994,"23,500","19,800","2,597",8.8,91.2,26.1,24.4,18.4,14.4,8.7,4.2,3.8
Montréal,1995,"23,100","19,500","2,608",7.6,92.4,26.6,24.5,18.9,13.7,8.4,4.2,3.7
Montréal,1996,"24,100","19,600","2,613",6.7,93.3,25.3,25.9,17.7,13.6,8.7,4.4,4.5
Montréal,1997,"23,900","19,700","2,626",6.2,93.8,25.3,25.4,18.5,14.2,8,4.4,4.2
Montréal,1998,"25,100","20,100","2,564",4,96,25,24.7,18.1,14,8.6,4.7,4.9
Montréal,1999,"26,100","21,600","2,610",4.6,95.4,22.9,24,18.2,15.5,9.1,4.8,5.5
Montréal,2000,"27,200","22,200","2,620",4.1,95.9,22.1,23,19.7,14.5,8.2,6.2,6.3
Montréal,2001,"28,900","23,200","2,624",3.8,96.2,20.4,22.3,19.9,14.7,9.2,6,7.4
Montréal,2002,"29,300","24,600","2,728",3.3,96.7,19.6,21.4,20.9,14.4,9.8,6.1,7.8
Montréal,2003,"28,900","24,200","2,726",3.2,96.8,20.5,20.5,21,14.1,9.9,6.7,7.4
Montréal,2004,"29,700","24,900","2,770",3.2,96.8,19.7,20.4,20.1,15.8,9.7,6.7,7.7
Montréal,2005,"29,000","24,500","2,951",2.6,97.4,19.6,21.5,20,15,10.4,6.3,7.2
Montréal,2006,"29,600","24,700","2,991",2.8,97.2,18.3,22.1,20.5,15,9.7,6.1,8.3
Montréal,2007,"30,100","25,500","2,991",2.6,97.4,18.2,21.4,18.9,15.6,11.1,6.3,8.6
Montréal,2008,"30,400","25,500","2,936",2.2,97.8,17.7,21.7,19.1,14.8,11.2,6.5,8.9
Montréal,2009,"30,600","26,200","2,975",2.4,97.6,19,19.8,18.4,15.7,11.5,6.2,9.4
Montréal,2010,"30,300","25,300","3,003",3.2,96.8,19.1,20.7,18.6,15.3,11.3,5.5,9.5
Montréal,2011,"30,600","25,400","3,111",3.3,96.7,18.4,20.5,19.5,15,11.5,5.6,9.5
Ottawa-Gatineau,1976,"29,800","24,600",508,15.7,84.3,33.6,11.1,12,13.5,9.4,6.9,13.6
Ottawa-Gatineau,1977,"30,400","25,100",482,13.4,86.6,29.5,13.1,13.3,12.4,9.2,8.3,14.2
Ottawa-Gatineau,1978,"29,500","24,800",547,14.7,85.3,31.8,11.7,14.1,11.4,10.5,7.6,12.9
Ottawa-Gatineau,1979,"27,200","21,300",528,14.5,85.5,32.7,15.8,11.7,12,8.3,7.7,11.7
Ottawa-Gatineau,1980,"29,400","25,400",567,11.5,88.5,29.5,14.7,11.7,13.7,11.2,8.4,10.9
Ottawa-Gatineau,1981,"30,400","26,000",520,7.4,92.6,24.6,17.6,13.7,12.5,12.4,9,10.1
Ottawa-Gatineau,1982,"30,400","26,100",565,8.9,91.1,25.5,15.9,14.8,13,11.5,6.8,12.5
Ottawa-Gatineau,1983,"28,200","22,400",580,10.2,89.8,30.5,16,13.8,13,8.8,7.4,10.4
Ottawa-Gatineau,1984,"29,700","24,100",620,8.2,91.8,25.9,17.4,13.2,15.1,9.5,7.6,11.2
Ottawa-Gatineau,1985,"30,800","23,700",596,7.7,92.3,24.4,18.7,14.8,12.7,9.6,7.2,12.6
Ottawa-Gatineau,1986,"30,600","26,400",688,8,92,25.7,16.3,12.5,14.6,9.9,7.8,13.4
Ottawa-Gatineau,1987,"30,000","26,000",700,5.6,94.4,22.5,17.1,16.2,14,11.7,8.3,10.1
Ottawa-Gatineau,1988,"32,800","28,600",718,6.5,93.5,21.3,14.7,15.9,14.3,12.8,6.5,14.5
Ottawa-Gatineau,1989,"32,300","29,500",733,6.4,93.6,20,16,14.9,16.8,10.8,8.7,12.9
Ottawa-Gatineau,1990,"31,800","28,900",741,5.6,94.4,20.1,17.8,14.2,15.3,11.9,9.2,11.5
Ottawa-Gatineau,1991,"29,000","25,900",763,7.3,92.7,21.4,19,15.8,14.5,13.8,7.6,7.9
Ottawa-Gatineau,1992,"29,700","26,400",767,6.8,93.2,21.5,18.5,15,15.9,12,7.8,9.2
Ottawa-Gatineau,1993,"29,600","26,100",781,6.8,93.2,20.2,20,15.1,15.7,12.4,8,8.6
Ottawa-Gatineau,1994,"28,600","25,400",796,6.9,93.1,22.6,18.9,17.4,14.5,10.7,7.1,8.8
Ottawa-Gatineau,1995,"28,300","24,800",802,6.5,93.5,22.7,20.1,14.6,16.5,10.9,6.9,8.3
Ottawa-Gatineau,1996,"28,100","22,900",818,6.3,93.7,25.1,19.9,15.3,14.2,10.2,6.4,8.9
Ottawa-Gatineau,1997,"28,600","23,400",814,5,95,22.7,21.2,15.8,14.1,9.6,7.2,9.4
Ottawa-Gatineau,1998,"31,100","25,600",809,3.1,96.9,18.1,22.3,17.6,15.6,9.6,6.5,10.4
Ottawa-Gatineau,1999,"31,700","26,100",855,4.5,95.5,20.9,18.7,15.9,14,10.7,7.8,12.1
Ottawa-Gatineau,2000,"33,100","27,400",843,3.4,96.6,19.7,17.7,16.9,12.6,10,8.6,14.5
Ottawa-Gatineau,2001,"34,800","29,100",879,3.4,96.6,19,16.6,16,14.5,10.9,7.5,15.5
Ottawa-Gatineau,2002,"35,800","29,800",912,2.9,97.1,18.6,17,14.9,14,10.7,8.2,16.6
Ottawa-Gatineau,2003,"34,700","29,600",916,3.6,96.4,17.8,17.7,14.9,14.5,11.5,8.3,15.3
Ottawa-Gatineau,2004,"36,000","29,500",946,2.6,97.4,17.1,18.9,14.6,13.7,11,8.2,16.5
Ottawa-Gatineau,2005,"35,100","30,400",977,2.6,97.4,19.4,15.7,14.1,15.1,10.8,9.1,15.8
Ottawa-Gatineau,2006,"35,100","30,300",981,2.7,97.3,19.5,15.4,14.5,13.3,11.7,9.4,16.2
Ottawa-Gatineau,2007,"37,300","33,200",997,2.4,97.6,16.4,15,14.2,14.7,11.4,9.4,18.9
Ottawa-Gatineau,2008,"36,900","31,800","1,063",2,98,18.4,14.5,13.8,12.1,13.4,9.1,18.7
Ottawa-Gatineau,2009,"38,100","32,600","1,033",1.9,98.1,16.4,16.1,15,10.7,11.5,10.8,19.5
Ottawa-Gatineau,2010,"39,700","34,300","1,055",2,98,15.5,16.2,12.6,13.1,11.2,10.4,21
Ottawa-Gatineau,2011,"38,600","34,900","1,188",2.6,97.4,18,15.4,11.7,11.1,13.4,9.9,20.4
Oshawa,1976,,,,,,,,,,,,
Oshawa,1977,,,,,,,,,,,,
Oshawa,1978,,,,,,,,,,,,
Oshawa,1979,,,,,,,,,,,,
Oshawa,1980,,,,,,,,,,,,
Oshawa,1981,,,,,,,,,,,,
Oshawa,1982,,,,,,,,,,,,
Oshawa,1983,,,,,,,,,,,,
Oshawa,1984,,,,,,,,,,,,
Oshawa,1985,,,,,,,,,,,,
Oshawa,1986,,,,,,,,,,,,
Oshawa,1987,,,,,,,,,,,,
Oshawa,1988,,,,,,,,,,,,
Oshawa,1989,,,,,,,,,,,,
Oshawa,1990,,,,,,,,,,,,
Oshawa,1991,,,,,,,,,,,,
Oshawa,1992,,,,,,,,,,,,
Oshawa,1993,,,,,,,,,,,,
Oshawa,1994,,,,,,,,,,,,
Oshawa,1995,,,,,,,,,,,,
Oshawa,1996,,,,,,,,,,,,
Oshawa,1997,,,,,,,,,,,,
Oshawa,1998,"30,500","25,200",231,4.6,95.4,24.2,17.4,14.9,11.2,11.9,7.8,12.7
Oshawa,1999,"31,100","26,400",228,5.3,94.7,22.8,16.3,15.3,13.1,10.9,8,13.7
Oshawa,2000,"31,300","26,900",232,5.4,94.6,24.3,17.2,13.1,13.6,9.8,7.2,14.8
Oshawa,2001,"31,800","27,500",230,4.2,95.8,21.2,18.5,15.2,13,10.8,7.3,14
Oshawa,2002,"34,600","29,500",217,4.4,95.6,20.5,16.4,13.7,13.2,12,7.7,16.4
Oshawa,2003,"35,600","31,200",230,4,96,18.2,16.8,12.7,15.3,11.8,8.6,16.6
Oshawa,2004,"35,300","30,600",238,2.9,97.1,17.1,18.1,12.8,14.4,12.6,9.6,15.5
Oshawa,2005,"34,800","31,600",254,2.4,97.6,17.9,15,15.4,16.2,10.5,10.5,14.6
Oshawa,2006,"35,100","32,100",260,1.9,98.1,16.5,16.7,14,16.2,12.4,9.4,14.9
Oshawa,2007,"35,100","31,100",272,1.3,98.7,16.6,18.4,12.9,15.8,13.2,8.2,14.8
Oshawa,2008,"33,900","30,500",280,3.7,96.3,24.4,11.8,12.9,15.1,12.6,7,16.3
Oshawa,2009,"33,000","28,200",261,3.9,96.1,23.7,13.5,15.1,11.4,13.1,9.2,14.1
Oshawa,2010,"34,300","29,800",260,2.5,97.5,21.7,13.6,15.8,13.5,13.1,6.7,15.7
Oshawa,2011,"32,400","25,600",252,3.9,96.1,24.9,16.1,14.8,12.8,9.3,6.5,15.7
Toronto,1976,"28,600","23,100","1,884",14.7,85.3,32.3,13.5,13.3,13.2,10.3,7.1,10.3
Toronto,1977,"28,300","24,700","2,228",13.2,86.8,28.8,15.3,13.5,13.6,10.6,8,10.1
Toronto,1978,"28,700","23,600","2,312",13.2,86.8,28.7,15.8,15,12,11.1,8.1,9.2
Toronto,1979,"28,800","24,900","2,326",11,89,26.6,16,15.7,14,11.2,6.6,10.1
Toronto,1980,"30,200","24,700","2,340",10.8,89.2,26.3,15.8,15.3,13.6,10.4,7.6,11
Toronto,1981,"29,000","25,300","2,546",9.3,90.7,25.5,16.4,15.8,14.3,10.9,7.5,9.7
Toronto,1982,"28,000","23,800","2,560",9.4,90.6,26.2,17.6,16.4,14.3,10.5,6.7,8.3
Toronto,1983,"27,600","22,200","2,806",10.7,89.3,28.4,18.3,15.4,13.6,9.7,5.5,9.1
Toronto,1984,"28,000","23,600","2,654",9.1,90.9,25.3,18.8,16.3,14.3,11.3,6.3,7.6
Toronto,1985,"29,100","24,700","2,682",8,92,23.8,18.2,17.9,14.9,9.3,6.7,9.4
Toronto,1986,"30,000","24,700","2,947",7.6,92.4,22.3,18.6,19.1,12.8,11.1,6.5,9.6
Toronto,1987,"29,900","25,400","3,015",7.3,92.7,23.1,17.8,16.6,14.4,10.9,7.3,9.8
Toronto,1988,"31,900","27,900","3,067",6.2,93.8,19.2,16.3,18,15.1,12.8,7.7,10.7
Toronto,1989,"32,500","28,200","3,101",6,94,18.5,16.8,18.1,17.5,10.9,8.4,10
Toronto,1990,"30,100","26,300","3,165",6.8,93.2,21.2,16.8,18.9,16.3,10.8,6.5,9.5
Toronto,1991,"29,400","24,000","3,207",7.9,92.1,21.3,21.4,16.8,15.4,10.1,6.2,8.8
Toronto,1992,"28,600","23,700","3,270",8.5,91.5,24.2,19.4,15.9,14.7,11.3,5.6,9.1
Toronto,1993,"28,300","23,900","3,213",7.5,92.5,22.2,19.7,18.4,15.3,10,6,8.5
Toronto,1994,"28,300","23,200","3,269",9.1,90.9,24.1,19.8,16.1,14.5,10.6,6.5,8.3
Toronto,1995,"28,900","23,800","3,324",8.9,91.1,23.9,19.1,16.9,14.7,11.5,5.7,8.3
Toronto,1996,"28,500","23,600","3,413",7.5,92.5,24.8,19.2,16.2,14.8,10.1,6.3,8.6
Toronto,1997,"28,700","23,500","3,474",6.2,93.8,25.2,18.2,17.3,14.5,10.1,5.6,9.1
Toronto,1998,"31,400","25,100","3,364",4,96,22.2,19.1,15.7,15.2,10.5,6.9,10.3
Toronto,1999,"33,200","26,800","3,460",3.3,96.7,21.1,17.9,15.9,15,11.2,7.4,11.5
Toronto,2000,"34,300","26,800","3,549",3.5,96.5,21.5,17.5,15.4,15.4,11,7.2,12
Toronto,2001,"35,400","27,400","3,597",4,96,20.1,17.6,15.3,15.1,11.1,7.5,13.4
Toronto,2002,"33,400","26,700","3,885",3.9,96.1,21.5,18.3,15.1,15.9,10.4,7.1,11.6
Toronto,2003,"33,500","26,000","3,896",3.5,96.5,22,18.5,15.4,14.6,10.2,7.2,12
Toronto,2004,"33,900","25,500","3,904",3.3,96.7,22.8,18.1,16,13.6,10.4,6.5,12.7
Toronto,2005,"33,300","25,400","3,876",3.2,96.8,23.2,17.7,15.4,14.5,9,7.1,13.1
Toronto,2006,"33,900","25,900","3,883",3.2,96.8,22.8,19,14.3,13.2,10.4,6.8,13.5
Toronto,2007,"35,200","26,500","3,897",2,98,20.9,20.1,15,12.8,10.3,7.1,13.8
Toronto,2008,"35,200","26,400","4,355",2.6,97.4,20.4,20.1,13.8,13.9,8.8,8.3,14.6
Toronto,2009,"34,900","25,800","4,409",3.1,96.9,22.7,19.4,12.7,12.5,10.4,7,15.3
Toronto,2010,"34,300","25,600","4,530",3.4,96.6,22.4,19.7,13.8,11.4,9.8,7.5,15.3
Toronto,2011,"33,300","25,500","4,703",4.1,95.9,22,20,13.5,12.6,10.6,6,15.3
Hamilton,1976,"25,900","22,100",410,16.3,83.7,31.7,15.9,11.1,12.4,13.3,9.2,6.4
Hamilton,1977,"25,900","21,000",425,16.8,83.2,35.3,13,12.8,8.6,13.5,8.8,8
Hamilton,1978,"25,100","21,600",422,18.9,81.1,35.4,12.4,13.1,9.9,11.3,10.9,6.9
Hamilton,1979,"25,300","19,900",419,14.5,85.5,31.8,18.4,14.7,9.8,9.9,8.1,7.5
Hamilton,1980,"26,900","22,900",405,12.3,87.7,31.6,14.6,12.2,13.8,10.9,6.8,10
Hamilton,1981,"26,400","22,100",444,10.2,89.8,29.6,17.7,15.2,12.1,10,8.2,7.2
Hamilton,1982,"25,900","20,800",455,11.8,88.2,30.3,19.1,11.1,12.8,12.2,8.2,6.3
Hamilton,1983,"24,800","17,800",473,12,88,34.1,19.4,12,10.7,9.8,6.2,7.8
Hamilton,1984,"25,700","20,200",477,13,87,33,16.2,15.4,9.3,11.4,7.8,6.9
Hamilton,1985,"27,000","22,000",486,9.2,90.8,28.6,18.4,14.2,12.7,10.2,8.4,7.5
Hamilton,1986,"28,000","23,700",463,7.7,92.3,25.4,18,15.4,13.4,11.1,8,8.7
Hamilton,1987,"28,300","23,400",466,6.5,93.5,21.4,21.1,18.4,12.4,9.1,8.8,8.7
Hamilton,1988,"29,000","25,500",473,6.2,93.8,23,16.2,16.8,13.2,14.9,8.8,7.1
Hamilton,1989,"29,300","25,500",481,6.1,93.9,23.1,17.7,14.6,13.5,13.2,9.6,8.2
Hamilton,1990,"28,900","26,700",484,6.6,93.4,23.8,16.1,15.9,15.4,13.1,7.3,8.5
Hamilton,1991,"27,200","22,900",479,7.6,92.4,22.3,21.8,16.3,16.2,9.6,6,7.9
Hamilton,1992,"26,600","21,500",492,8,92,25,22.2,15.8,11.7,11.8,6.7,6.7
Hamilton,1993,"29,000","24,800",476,7.4,92.6,20,20.6,18.5,13.4,11.9,8.2,7.3
Hamilton,1994,"27,900","23,300",485,7.2,92.8,22.7,20.6,18.6,14.7,10,6.5,6.9
Hamilton,1995,"27,200","22,800",499,8.2,91.8,25.7,19.5,17.6,12.7,10.1,7.5,6.9
Hamilton,1996,"28,500","22,600",491,5.5,94.5,24.4,20.3,17.2,13.6,8.9,7.7,8
Hamilton,1997,"28,700","23,400",491,4.6,95.4,23.9,19.4,17.2,14,8.8,8,8.6
Hamilton,1998,"30,500","25,600",495,2.8,97.2,21.5,18.5,17.7,14.7,9.9,7.5,10.2
Hamilton,1999,"31,100","25,600",509,3.5,96.5,23.1,16.1,17.3,15,8.5,8.5,11.5
Hamilton,2000,"33,200","25,900",500,2.5,97.5,21,18.5,18.3,11.7,10.3,8.8,11.4
Hamilton,2001,"33,300","27,300",508,3.4,96.6,19.8,17.2,16.8,15.8,10.8,9.3,10.4
Hamilton,2002,"33,200","27,000",554,3.3,96.7,19.5,18.3,16.7,15.6,9.8,6.4,13.7
Hamilton,2003,"32,700","26,600",562,3.4,96.6,20.7,18,16.8,12.7,10.8,7.6,13.4
Hamilton,2004,"32,200","25,300",554,2.5,97.5,20.5,19.5,16.8,13.1,9,8.2,12.9
Hamilton,2005,"33,000","26,900",547,4.1,95.9,22.5,16.7,15.9,13.8,10.8,6.7,13.8
Hamilton,2006,"33,900","27,000",543,3.3,96.7,21.1,17.7,14.7,13.8,12,5.9,14.6
Hamilton,2007,"33,000","26,200",592,3.6,96.4,22.5,17.5,15.2,13.6,10.3,6.8,14
Hamilton,2008,"34,800","28,800",593,3.1,96.9,20.1,18.4,14.6,13.2,12,6.7,15.1
Hamilton,2009,"34,100","28,500",594,2.4,97.6,21.2,17.9,13.3,16,10.4,5.4,15.8
Hamilton,2010,"34,600","27,100",627,3.2,96.8,21.5,17.7,15.4,12.6,10.6,6.1,16.1
Hamilton,2011,"35,500","27,100",622,3,97,21.6,15.3,16.1,13.8,10.2,6.2,16.8
St. Catharines-Niagara,1976,"27,000","20,900",267,12.2,87.8,35.1,13.4,14.2,11.2,8.9,8.1,9
St. Catharines-Niagara,1977,"25,600","18,800",274,16.8,83.2,35.2,16.1,11.9,9.2,9.7,6.4,11.4
St. Catharines-Niagara,1978,"23,700","17,500",262,15.8,84.2,38.6,14.6,13.7,7.4,10.7,7.7,7.3
St. Catharines-Niagara,1979,"23,900","16,600",328,11.3,88.7,32.5,24,10.6,9.7,7.9,8.7,6.7
St. Catharines-Niagara,1980,"24,800","19,500",323,13.6,86.4,37.5,12.7,11.5,9.6,12.5,8.3,7.9
St. Catharines-Niagara,1981,"24,300","17,200",261,13.1,86.9,34.7,18.8,13.7,9,8.6,6,9.3
St. Catharines-Niagara,1982,"24,600","19,000",255,9.2,90.8,34.3,17.7,14.8,10.8,9,5.4,8
St. Catharines-Niagara,1983,"25,100","19,300",253,11.2,88.8,32.4,18.5,15.6,10.3,8.1,6.6,8.5
St. Catharines-Niagara,1984,"23,600","17,200",283,10.1,89.9,31.3,22.6,14.7,10.6,8.4,6.9,5.5
St. Catharines-Niagara,1985,"25,400","19,500",256,13.2,86.8,34.1,17.8,11.9,10.9,8.5,8.5,8.3
St. Catharines-Niagara,1986,"23,700","18,300",261,11.2,88.8,32.1,22.1,13.5,9.2,11.1,5.5,6.5
St. Catharines-Niagara,1987,"25,100","20,700",263,7.7,92.3,24.9,23.8,14.5,15.2,11.3,4.8,5.6
St. Catharines-Niagara,1988,"25,900","21,900",267,7.5,92.5,24.4,20.4,18.9,15,9.2,5.5,6.5
St. Catharines-Niagara,1989,"27,200","24,200",271,6.7,93.3,22.4,20,17.3,13.7,13.5,7.3,5.8
St. Catharines-Niagara,1990,"26,400","23,300",275,6,94,24.1,19.2,20.1,13.6,10.9,6.2,5.9
St. Catharines-Niagara,1991,"25,200","21,700",275,8.4,91.6,26.6,20.1,16.9,13.8,10.8,6.6,5.2
St. Catharines-Niagara,1992,"23,700","19,500",282,8.9,91.1,25.2,25.9,15.7,14.2,9.3,5.2,4.5
St. Catharines-Niagara,1993,"24,000","20,300",284,7.4,92.6,25.1,24.1,18.8,12.7,8.3,6.5,4.3
St. Catharines-Niagara,1994,"26,300","21,700",283,6.7,93.3,23.1,22,19.9,13.4,9.8,5.4,6.5
St. Catharines-Niagara,1995,"25,800","21,600",284,5.8,94.2,25.2,22.2,16.9,14.1,8.5,6.7,6.4
St. Catharines-Niagara,1996,"26,900","21,600",298,5.2,94.8,24.1,21.8,17.8,13.9,9.5,6.1,6.8
St. Catharines-Niagara,1997,"28,800","23,300",304,5.3,94.7,23.8,21,16,14.7,9.1,6.5,8.9
St. Catharines-Niagara,1998,"26,900","22,900",321,4.8,95.2,23.4,20.4,15.5,15.8,9.3,6.8,8.7
St. Catharines-Niagara,1999,"31,300","25,500",327,4.3,95.7,22.3,17.3,16.1,14.6,11.2,8.3,10.3
St. Catharines-Niagara,2000,"33,800","26,100",333,3.2,96.8,19.3,19.8,17.1,14.8,12.1,7.7,9.2
St. Catharines-Niagara,2001,"32,400","27,200",327,2.7,97.3,16.9,19.5,18.4,15.9,11.6,7.4,10.4
St. Catharines-Niagara,2002,"32,000","27,700",323,2.1,97.9,19.2,18.7,16.4,15.5,12.9,7.2,10
St. Catharines-Niagara,2003,"31,800","28,200",329,3.6,96.4,18.2,18,16.6,16.7,11.5,7.8,11.2
St. Catharines-Niagara,2004,"31,600","27,200",335,3.2,96.8,19.2,17.4,17.6,15.6,10.1,8.7,11.4
St. Catharines-Niagara,2005,"28,800","25,000",364,3.1,96.9,20.9,21.4,16.4,15,10.2,6.9,9.2
St. Catharines-Niagara,2006,"30,400","25,900",350,2,98,22.3,17.6,16.6,15.7,10.9,7.7,9.1
St. Catharines-Niagara,2007,"30,300","25,400",332,2,98,24.2,17.6,15.8,14.9,9.4,5.1,12.9
St. Catharines-Niagara,2008,"31,700","26,100",294,1.3,98.7,17.5,20.3,18.4,16.6,10.5,5.4,11.3
St. Catharines-Niagara,2009,"31,900","26,000",303,0.9,99.1,17.8,18.8,19.4,15.8,10.9,4.6,12.7
St. Catharines-Niagara,2010,"32,000","26,200",316,2.7,97.3,18.2,19.6,17.9,15.5,11.1,5.4,12.2
St. Catharines-Niagara,2011,"30,200","25,900",329,1.3,98.7,17.5,20.8,20.4,15.1,10.4,5.9,9.9
Kitchener-Cambridge-Waterloo,1976,"24,600","19,500",213,16.1,83.9,31.8,18.9,11.2,14.6,11.8,6.9,4.8
Kitchener-Cambridge-Waterloo,1977,"25,200","21,200",212,14.8,85.2,31.9,18.1,14.4,10.4,10.6,8,6.6
Kitchener-Cambridge-Waterloo,1978,"24,300","21,400",263,13.5,86.5,35.6,12.4,18.6,10.5,8.7,7.4,6.8
Kitchener-Cambridge-Waterloo,1979,"25,000","25,300",244,14.6,85.4,28.8,14.3,16.6,16.5,12.3,8.9,2.7
Kitchener-Cambridge-Waterloo,1980,"26,900","24,400",247,8,92,24.7,17,20.4,14.4,8.3,6.6,8.6
Kitchener-Cambridge-Waterloo,1981,"26,500","22,600",219,10.8,89.2,27.8,16.9,17.2,15.2,10.7,4.8,7.5
Kitchener-Cambridge-Waterloo,1982,"26,100","23,800",213,9.7,90.3,28.5,16.1,17,14.3,12.6,6.2,5.3
Kitchener-Cambridge-Waterloo,1983,"25,500","20,700",212,8.2,91.8,27.7,20.6,15.1,13.3,12.3,5.3,5.6
Kitchener-Cambridge-Waterloo,1984,"27,100","23,000",266,7.1,92.9,32,14,15.3,14.5,11,5.7,7.5
Kitchener-Cambridge-Waterloo,1985,"26,700","24,100",281,5.7,94.3,23.2,16.6,23.1,14.4,11,6,5.7
Kitchener-Cambridge-Waterloo,1986,"26,900","22,400",253,6.6,93.4,25.7,21.2,16,13.9,10.3,5.7,7.2
Kitchener-Cambridge-Waterloo,1987,"28,700","24,000",260,7.7,92.3,26.3,17.8,17.4,14.9,6.7,6.2,10.6
Kitchener-Cambridge-Waterloo,1988,"27,500","23,500",265,6.2,93.8,23.5,16.8,19.9,15.8,11.2,4.8,7.9
Kitchener-Cambridge-Waterloo,1989,"30,100","26,500",275,4.8,95.2,19.6,17.4,18.9,17.5,11.5,7.4,7.6
Kitchener-Cambridge-Waterloo,1990,"31,500","26,300",283,4.7,95.3,20.6,17.7,17.8,15.4,12.1,5.7,10.6
Kitchener-Cambridge-Waterloo,1991,"30,500","27,300",279,7,93,22.1,15.9,17.3,16.2,11.6,7.4,9.6
Kitchener-Cambridge-Waterloo,1992,"31,200","29,000",284,6.7,93.3,20,16.1,16.8,14.5,14.5,8.2,9.8
Kitchener-Cambridge-Waterloo,1993,"30,200","25,000",316,7.9,92.1,25.4,16,18.4,13.8,9.4,7,9.9
Kitchener-Cambridge-Waterloo,1994,"28,200","25,300",317,5.9,94.1,21.7,19.3,18,16.4,10.7,7.3,6.5
Kitchener-Cambridge-Waterloo,1995,"29,300","25,400",327,5.1,94.9,22.5,17.9,17.8,15.5,11.5,5.6,9
Kitchener-Cambridge-Waterloo,1996,"27,700","23,100",321,5.2,94.8,22.4,20.6,19.2,14.9,10.8,5,7.1
Kitchener-Cambridge-Waterloo,1997,"28,300","23,900",326,4.7,95.3,21.2,20.4,19,14.4,11,5.9,8.1
Kitchener-Cambridge-Waterloo,1998,"30,900","26,700",347,3.3,96.7,17.2,17.9,21.2,16.1,11.3,6.8,9.3
Kitchener-Cambridge-Waterloo,1999,"30,000","26,900",346,2.8,97.2,18.2,18.7,19.7,14.7,13.8,6,9
Kitchener-Cambridge-Waterloo,2000,"29,700","26,500",354,2.8,97.2,19.7,17.6,19.4,14.4,13.2,6.4,9.4
Kitchener-Cambridge-Waterloo,2001,"30,800","26,900",370,2.9,97.1,19.4,15.3,20.3,14.8,12.7,7.3,10.1
Kitchener-Cambridge-Waterloo,2002,"29,500","25,200",350,2.4,97.6,19.7,18.6,20.1,13.9,11.4,7.9,8.5
Kitchener-Cambridge-Waterloo,2003,"31,400","26,200",340,2.1,97.9,18.7,18.3,20,14.6,11.4,6.8,10
Kitchener-Cambridge-Waterloo,2004,"30,900","26,500",357,3.2,96.8,17.4,19,20.3,15.4,11.1,7,9.9
Kitchener-Cambridge-Waterloo,2005,"33,400","26,000",345,2.8,97.2,18.1,20.3,17.6,15.7,10,5.6,12.8
Kitchener-Cambridge-Waterloo,2006,"31,500","25,600",375,2.3,97.7,19.8,18.4,18.9,15.2,9.8,5.7,12.2
Kitchener-Cambridge-Waterloo,2007,"32,400","25,800",361,2,98,20,17.6,18.5,14.8,10.1,5.7,13.3
Kitchener-Cambridge-Waterloo,2008,"33,000","26,700",363,2.2,97.8,18.7,19.8,15.7,14.1,11.7,6.2,13.8
Kitchener-Cambridge-Waterloo,2009,"34,200","27,400",379,2.7,97.3,18.6,17.9,18.2,12.1,11.1,9.1,12.9
Kitchener-Cambridge-Waterloo,2010,"33,800","27,300",353,4.5,95.5,19.9,18.2,15.4,13.5,11.4,8.8,12.7
Kitchener-Cambridge-Waterloo,2011,"34,900","27,300",390,2.3,97.7,17.2,19.2,17.6,13.5,9.8,8.7,13.9
London,1976,"26,300","22,900",240,12.1,87.9,31.6,13.2,18.8,11.2,10.5,6,8.6
London,1977,"26,300","21,200",261,11.7,88.3,32.4,16.1,12.5,14.3,11.4,4.9,8.4
London,1978,"27,200","21,500",231,10.6,89.4,28.4,18.7,12.2,13.3,11.4,8.7,7.4
London,1979,"28,100","23,300",250,10,90,29.8,15.5,13.4,13.1,12.6,5.9,9.7
London,1980,"26,300","22,100",243,9.8,90.2,29.1,18.3,13.1,13.6,12.1,5.9,7.9
London,1981,"29,700","24,600",264,7.6,92.4,23.7,19.9,12.2,14.3,9.7,8.5,11.7
London,1982,"26,700","22,600",268,9,91,31.6,14.8,14.9,13.7,10.8,6.6,7.6
London,1983,"27,600","23,700",253,9.7,90.3,29.2,14.3,16.5,13.3,9.4,9.1,8.1
London,1984,"26,500","20,300",222,6.6,93.4,28.8,20.6,13.7,13.8,9,5.9,8.3
London,1985,"27,100","22,600",234,7.3,92.7,24.9,20.5,13.3,14.9,11.2,6.9,8.3
London,1986,"26,800","22,900",275,4.7,95.3,22.4,21.7,19.9,14,9.6,4.7,7.9
London,1987,"27,500","23,100",281,5.2,94.8,23.6,18.3,17.8,15.5,7.6,9.6,7.6
London,1988,"27,400","22,600",287,5.1,94.9,24.1,22,16.2,13.5,9.1,6.8,8.3
London,1989,"30,100","27,500",297,5.9,94.1,17,17.5,20.4,16.4,13,8,7.6
London,1990,"32,400","25,000",309,5.4,94.6,21.9,17.8,19.4,12.8,12.4,7.7,8
London,1991,"27,100","24,100",307,7.1,92.9,23.5,19.5,16.3,17.4,10.8,5.7,6.8
London,1992,"28,600","25,500",307,6.2,93.8,18.1,20.6,18.8,16.7,11.2,6.1,8.5
London,1993,"27,300","23,300",330,6.3,93.7,21.7,21,19.6,12.4,11.8,7.4,6.1
London,1994,"27,700","23,800",337,4.8,95.2,20.8,21.4,18.4,15.4,9.9,7.7,6.3
London,1995,"27,500","23,400",339,6.1,93.9,23.2,20.3,17.9,16.2,8.3,7.2,6.9
London,1996,"27,200","22,700",332,5,95,23.5,20.7,18.3,14.3,9.9,5.9,7.4
London,1997,"27,200","23,200",337,6.1,93.9,23,21.2,18.5,13.2,9.6,7,7.5
London,1998,"28,300","24,900",350,3.8,96.2,20.1,21.8,18.4,15.3,10.1,6.2,8.2
London,1999,"28,300","23,900",382,3.7,96.3,23.2,20.4,15.9,14.6,11.5,4.9,9.4
London,2000,"29,000","24,600",371,3.3,96.7,23.3,18.9,15.8,14.7,11.5,6.1,9.6
London,2001,"30,100","25,200",377,3.1,96.9,20.9,18.4,17.9,13.3,13,7.1,9.4
London,2002,"31,200","24,900",373,3.4,96.6,22.9,18,16.8,13.8,11.1,5.9,11.5
London,2003,"31,800","24,300",384,3,97,21.1,19.1,16.8,14.9,11.6,4.7,11.8
London,2004,"30,800","24,600",373,3,97,22.1,19.7,16.2,13.2,11.4,5.2,12.2
London,2005,"32,600","26,200",425,2.3,97.7,19,20.2,15.7,16.1,10.4,5.8,12.9
London,2006,"32,400","29,200",448,1.8,98.2,20.2,15.7,15.4,18.5,12.3,5.4,12.4
London,2007,"34,600","28,900",461,1.2,98.8,19.8,15.3,15.8,16.4,13.5,6.3,12.9
London,2008,"32,800","26,200",441,1.6,98.4,19.4,19.5,17.3,14.7,9.4,7.4,12.3
London,2009,"33,300","27,200",445,2.4,97.6,20,19.1,15.1,16,10.4,5.9,13.4
London,2010,"31,200","23,900",467,3.4,96.6,20.9,21.8,16.2,13.8,9.1,6.4,12
London,2011,"30,700","25,900",426,2.7,97.3,20.9,19.7,18.1,15.2,10.7,4.2,11.2
Windsor,1976,"26,000","19,200",201,12.6,87.4,37.3,13.7,12.1,9.2,10.4,8.8,8.5
Windsor,1977,"25,500","18,900",194,17,83,36,17.7,10.1,10.9,7.9,6.6,10.7
Windsor,1978,"28,000","24,800",178,19.3,80.7,34.7,11.7,9.1,12,11,11,10.5
Windsor,1979,"25,000","18,700",214,17.4,82.6,35.3,16.1,10.9,12,11.7,4.7,9.3
Windsor,1980,"26,600","22,700",196,14.3,85.7,30.1,17,13,11.8,10,9.2,8.8
Windsor,1981,"26,300","18,400",203,10.6,89.4,33.7,18.1,10.8,11.3,7.6,6.2,12.3
Windsor,1982,"23,300","16,900",200,13,87,34,19.8,13.3,8.7,10.5,6.7,7
Windsor,1983,"23,500","17,400",219,13.9,86.1,35,18.3,13.7,8.6,11.1,6,7.3
Windsor,1984,"25,800","20,100",197,11.2,88.8,29.9,20,15.4,10.1,10.1,5.2,9.3
Windsor,1985,"25,600","19,700",197,10.8,89.2,31.2,19.6,13.3,10.3,10.8,6,8.7
Windsor,1986,"26,500","21,600",206,10.6,89.4,26.7,20.2,16.5,11.2,6.9,9.3,9.3
Windsor,1987,"26,800","20,700",206,8.5,91.5,28.1,21.4,13.3,8.8,9.3,10,9.1
Windsor,1988,"30,500","23,200",207,8.4,91.6,26,19.6,14,7.8,13.2,10,9.4
Windsor,1989,"27,700","23,600",209,9.3,90.7,24.5,17.8,17.1,10.6,14,8.3,7.6
Windsor,1990,"25,800","21,200",210,8.7,91.3,27.1,20.2,18,11.1,10.9,6.2,6.6
Windsor,1991,"25,900","21,500",211,11,89,27.7,18.9,16.8,12.5,9.8,7,7.2
Windsor,1992,"26,700","21,500",215,11.2,88.8,28.2,19.1,16.9,10.5,10,7.4,7.8
Windsor,1993,"27,300","22,300",216,7.4,92.6,23.8,21.6,18.6,13.2,8.6,6.1,8.2
Windsor,1994,"25,600","20,900",222,9.9,90.1,27,19.4,19.3,12.4,9.1,5,7.9
Windsor,1995,"27,500","21,800",225,8.2,91.8,26.8,19.5,13,14.6,9,6.8,10.3
Windsor,1996,"28,300","24,000",228,7.7,92.3,22.5,21.6,16.4,12.3,9.6,8.1,9.6
Windsor,1997,"27,700","23,300",233,6.5,93.5,24.4,19.4,18,12.3,8.6,8.6,8.6
Windsor,1998,"31,200","25,300",245,4.5,95.5,22.6,18.7,16,11.9,9.8,7.3,13.8
Windsor,1999,"33,500","26,500",233,4.1,95.9,19.6,20.7,14.4,13.5,8.8,5.7,17.3
Windsor,2000,"32,900","25,400",260,4.6,95.4,20.8,19.8,15.4,12.8,8.1,5.5,17.5
Windsor,2001,"32,200","25,100",264,6.8,93.2,21.2,20,16.2,12,9.7,5.2,15.9
Windsor,2002,"33,000","25,000",261,4.6,95.4,22.2,18.5,14.8,13.2,9.5,6.3,15.4
Windsor,2003,"32,700","26,900",256,3.1,96.9,21.7,18.5,15,12.6,12.1,5.8,14.4
Windsor,2004,"32,300","25,500",250,2.5,97.5,22.6,18.4,15,14.2,10.2,5.1,14.6
Windsor,2005,"33,700","30,200",239,2.3,97.7,21.5,15.5,12.8,16,12,8,14.3
Windsor,2006,"33,400","29,200",245,1.8,98.2,20.6,15,16.9,13.6,12.3,6.8,14.8
Windsor,2007,"33,800","28,900",233,1.6,98.4,19,17,16.3,14.8,9.2,9.3,14.3
Windsor,2008,"30,800","27,500",252,3.9,96.1,24.1,15,14.6,15.1,11.1,6.4,13.6
Windsor,2009,"31,000","26,700",256,3.1,96.9,24.3,16,14.5,15.8,11.5,5.9,12
Windsor,2010,"31,100","26,700",262,3.5,96.5,22.5,16.5,15.9,12.5,13.1,6.7,12.9
Windsor,2011,"31,400","25,500",269,3.6,96.4,19,22.1,16.2,14.2,10.4,5.3,12.8
Winnipeg,1976,"24,300","19,300",441,13,87,34.6,17.2,15.3,11.9,7.5,6.3,7.2
Winnipeg,1977,"25,000","21,100",444,12.3,87.7,31.2,17.7,15.4,12.3,10.2,5.5,7.7
Winnipeg,1978,"24,100","21,100",434,11.5,88.5,31.9,17.6,16.3,12.9,9.3,5.4,6.6
Winnipeg,1979,"25,500","19,800",466,11.9,88.1,31.1,19.1,13.5,12.9,9.8,6.5,7.1
Winnipeg,1980,"27,900","23,500",413,8.7,91.3,25.2,17.9,17,15.4,9.5,6.7,8.2
Winnipeg,1981,"25,600","21,900",466,8.6,91.4,26.6,19.9,16.7,14.4,10.4,6.1,6
Winnipeg,1982,"25,700","21,000",457,8.8,91.2,25.9,22.2,16.7,12.7,10.2,5.9,6.4
Winnipeg,1983,"26,700","22,500",483,6.2,93.8,22.3,22.5,18.2,14.3,11,4.1,7.7
Winnipeg,1984,"26,100","22,400",505,8.8,91.2,26.4,18.8,18.4,13.5,9.9,6.2,6.7
Winnipeg,1985,"26,000","21,700",500,7.3,92.7,25.2,20.9,19.5,13.6,8.6,5.8,6.3
Winnipeg,1986,"25,900","21,600",519,7.3,92.7,25.6,20.6,18.1,14.6,8.3,6.4,6.4
Winnipeg,1987,"25,300","21,900",523,7,93,24.6,21.6,18.7,14.2,10.6,5.6,4.6
Winnipeg,1988,"25,900","22,300",527,6.4,93.6,23.3,21.8,20.5,13.5,10.3,5.3,5.3
Winnipeg,1989,"26,600","22,800",531,5.3,94.7,20.6,22.8,20.9,14.1,9.9,5.3,6.3
Winnipeg,1990,"25,600","22,800",531,5.9,94.1,22.3,21.5,20.9,14.3,10.5,6,4.6
Winnipeg,1991,"24,500","21,400",536,5.6,94.4,24.9,21.5,19.9,14.9,9.6,5.3,3.9
Winnipeg,1992,"25,000","20,900",533,6.5,93.5,23.5,24.2,18.5,13.7,9.6,5.2,5.2
Winnipeg,1993,"24,200","21,600",516,4.5,95.5,23.3,22.3,20.8,14.9,11.5,5.1,2
Winnipeg,1994,"25,200","21,200",528,5.9,94.1,22.5,24.1,18.6,14.6,10.7,5.1,4.3
Winnipeg,1995,"25,200","21,900",531,5.5,94.5,23.2,21.8,19.5,16.7,9.5,5.1,4.2
Winnipeg,1996,"25,200","21,800",523,4.7,95.3,22,23.5,20,15,10.4,5.4,3.7
Winnipeg,1997,"24,700","21,400",520,4.5,95.5,21.7,25,20,14.6,9.6,5.7,3.4
Winnipeg,1998,"27,500","23,000",484,2.6,97.4,17.9,24.6,20.8,15.4,10.2,6,5.2
Winnipeg,1999,"26,900","23,900",521,3.2,96.8,17.9,23.2,21.6,16.2,10.4,5.7,5.1
Winnipeg,2000,"27,700","23,900",530,2.3,97.7,18,23.1,21.4,16.2,10.1,5.9,5.3
Winnipeg,2001,"28,900","25,300",517,2.4,97.6,16.4,22,21.3,17.4,10.4,6.4,6.1
Winnipeg,2002,"28,900","25,000",541,1.8,98.2,18.5,20.8,20.8,15.7,10.9,6.7,6.7
Winnipeg,2003,"28,300","24,800",549,2.3,97.7,18.2,21,21.9,15.5,10.9,6.5,6
Winnipeg,2004,"29,000","24,500",551,2.6,97.4,18.2,20.2,20.9,17.3,9.8,6.9,6.7
Winnipeg,2005,"29,300","25,000",585,3.2,96.8,20,19,20.5,15.3,10.4,6.6,8.2
Winnipeg,2006,"30,200","25,300",594,2.7,97.3,19.5,18.9,19.3,16.7,10.3,6.4,8.9
Winnipeg,2007,"31,900","26,600",586,1.7,98.3,17.8,18.9,19.5,16.1,10.7,6.5,10.5
Winnipeg,2008,"32,700","27,800",631,1.7,98.3,17.1,19.6,17.6,15.7,10.6,7.7,11.7
Winnipeg,2009,"32,300","28,200",635,2.3,97.7,17.1,18.9,18.1,16.2,10.7,7.2,11.8
Winnipeg,2010,"31,800","27,500",658,1.6,98.4,18.5,17.9,18.1,16.9,10.9,6.5,11.2
Winnipeg,2011,"32,500","27,800",640,1.8,98.2,16.2,18.4,19.9,15.3,11.6,7.6,11
Regina,1976,,,,,,,,,,,,
Regina,1977,,,,,,,,,,,,
Regina,1978,,,,,,,,,,,,
Regina,1979,,,,,,,,,,,,
Regina,1980,,,,,,,,,,,,
Regina,1981,,,,,,,,,,,,
Regina,1982,,,,,,,,,,,,
Regina,1983,,,,,,,,,,,,
Regina,1984,,,,,,,,,,,,
Regina,1985,,,,,,,,,,,,
Regina,1986,,,,,,,,,,,,
Regina,1987,,,,,,,,,,,,
Regina,1988,,,,,,,,,,,,
Regina,1989,,,,,,,,,,,,
Regina,1990,,,,,,,,,,,,
Regina,1991,,,,,,,,,,,,
Regina,1992,,,,,,,,,,,,
Regina,1993,,,,,,,,,,,,
Regina,1994,,,,,,,,,,,,
Regina,1995,,,,,,,,,,,,
Regina,1996,,,,,,,,,,,,
Regina,1997,,,,,,,,,,,,
Regina,1998,"28,500","24,700",150,2.4,97.6,17.1,22.8,18.6,17.7,11.6,6.3,5.9
Regina,1999,"28,500","25,800",147,3.4,96.6,17.7,21.5,17.8,16.1,13.7,8.3,5
Regina,2000,"29,200","26,600",149,3,97,17.9,20.3,16,19.4,12.1,7.5,6.8
Regina,2001,"30,300","26,600",146,3.5,96.5,15.6,21.5,18.3,17.6,10.7,8.7,7.5
Regina,2002,"30,800","27,200",154,2.7,97.3,17.7,18.5,18.9,19.3,10,6.4,9.4
Regina,2003,"31,200","26,100",158,2.7,97.3,19.9,17.8,18.9,17,9.8,6,10.5
Regina,2004,"30,900","25,500",167,3.2,96.8,19.8,19.6,18.2,15.2,9.6,7.2,10.4
Regina,2005,"33,100","26,400",166,2,98,17.7,17.9,20.2,13,11.7,7.5,12
Regina,2006,"33,500","27,600",167,2.4,97.6,16.7,18,19.6,14.5,12.5,6.8,11.9
Regina,2007,"35,900","29,800",171,2,98,14.7,18.9,16.9,15.2,11.9,8.7,13.6
Regina,2008,"37,000","33,000",169,1.8,98.2,15.1,15.1,15.7,15.9,12.9,10.2,15.1
Regina,2009,"40,000","34,900",168,2,98,14.4,14.8,14.8,13.6,12.3,11,19
Regina,2010,"39,400","34,400",169,1.1,98.9,14.8,13.5,15.4,15.5,13.7,8.5,18.6
Regina,2011,"40,400","35,000",168,2,98,12.9,13.7,16.3,13.7,16,9.5,17.9
Saskatoon,1976,,,,,,,,,,,,
Saskatoon,1977,,,,,,,,,,,,
Saskatoon,1978,,,,,,,,,,,,
Saskatoon,1979,,,,,,,,,,,,
Saskatoon,1980,,,,,,,,,,,,
Saskatoon,1981,,,,,,,,,,,,
Saskatoon,1982,,,,,,,,,,,,
Saskatoon,1983,,,,,,,,,,,,
Saskatoon,1984,,,,,,,,,,,,
Saskatoon,1985,,,,,,,,,,,,
Saskatoon,1986,,,,,,,,,,,,
Saskatoon,1987,,,,,,,,,,,,
Saskatoon,1988,,,,,,,,,,,,
Saskatoon,1989,,,,,,,,,,,,
Saskatoon,1990,,,,,,,,,,,,
Saskatoon,1991,,,,,,,,,,,,
Saskatoon,1992,,,,,,,,,,,,
Saskatoon,1993,,,,,,,,,,,,
Saskatoon,1994,,,,,,,,,,,,
Saskatoon,1995,,,,,,,,,,,,
Saskatoon,1996,,,,,,,,,,,,
Saskatoon,1997,,,,,,,,,,,,
Saskatoon,1998,"25,600","20,600",157,4,96,23.9,25.2,18,12.9,11.3,4.2,4.6
Saskatoon,1999,"25,300","20,800",175,3.1,96.9,23.6,24.9,17,15.8,9.5,4.8,4.5
Saskatoon,2000,"25,700","21,200",177,4,96,25.1,22.5,18,14.3,10.1,5.3,4.7
Saskatoon,2001,"27,700","23,000",174,3,97,20.5,23.2,20.1,14.9,10,4.7,6.5
Saskatoon,2002,"27,700","23,300",186,2.2,97.8,21.8,21.7,18.9,14.4,10.2,5.9,7.2
Saskatoon,2003,"28,100","24,100",192,2.4,97.6,21.4,21.7,17.4,15.2,11.9,5.6,7
Saskatoon,2004,"28,100","24,300",193,2.4,97.6,21.1,20,19.8,14.9,11,5.7,7.5
Saskatoon,2005,"27,300","23,300",190,2.9,97.1,19.8,23.3,18.4,17.8,8.8,5,6.8
Saskatoon,2006,"29,200","24,700",191,3.3,96.7,20.3,21.3,15.9,16.8,10.4,6.6,8.7
Saskatoon,2007,"31,000","26,700",189,2.2,97.8,17.5,19.3,19.4,15.9,10.6,6.5,10.8
Saskatoon,2008,"33,500","28,900",202,1.5,98.5,15.7,20.9,15.7,14.9,11.2,8.6,13
Saskatoon,2009,"35,400","29,200",206,1.6,98.4,14.9,19.7,16.8,14.4,11.5,9.9,12.8
Saskatoon,2010,"34,400","29,700",224,2.5,97.5,16.9,17.5,15.8,16.3,11.3,9.2,13.1
Saskatoon,2011,"36,500","31,500",235,2.9,97.1,15.8,18.3,13.6,15.8,12.3,7.8,16.4
Calgary,1976,"29,600","22,600",386,16.8,83.2,33.1,13.8,12.5,12.2,9.7,5.3,13.4
Calgary,1977,"28,900","24,700",388,13,87,29.6,13.7,14.6,13.4,9,7.6,12.1
Calgary,1978,"30,200","26,500",397,11.3,88.7,24.2,16.2,15.3,13,11.7,8.4,11.3
Calgary,1979,"30,200","27,100",405,10.5,89.5,25.1,14.2,15.8,15.3,11.4,7.4,10.9
Calgary,1980,"32,600","26,800",469,11.3,88.7,26.7,14.3,12.9,13.3,10.4,7.4,15
Calgary,1981,"32,700","28,700",431,7.8,92.2,22.1,14,16.5,14.3,11.5,7.7,13.9
Calgary,1982,"33,700","29,300",467,7.9,92.1,20.2,14.9,15.8,13.7,11.9,10,13.5
Calgary,1983,"30,300","24,200",447,9.5,90.5,25.3,17.2,15.7,14,9.7,5.4,12.8
Calgary,1984,"28,500","24,600",485,7.7,92.3,24.5,18,16.4,15.2,9.5,7.3,9.1
Calgary,1985,"30,800","26,200",522,6.9,93.1,24.3,15.6,15.6,14.6,12.7,5.2,11.9
Calgary,1986,"30,500","26,200",533,7.6,92.4,23.8,16.8,16.1,14.4,10.2,7.9,10.9
Calgary,1987,"28,400","23,100",541,6.8,93.2,23.9,21,16.4,13.5,10.2,5.9,9
Calgary,1988,"30,100","25,200",549,7.1,92.9,23.4,16.8,17.8,14.5,10.4,6.6,10.5
Calgary,1989,"29,900","25,600",565,6.3,93.7,20,19.4,17.9,13.7,13.6,5.8,9.7
Calgary,1990,"29,500","24,300",580,6.1,93.9,21.1,20.6,18.1,14,9.7,6.6,10
Calgary,1991,"28,800","22,600",592,7,93,23.2,21.2,18.2,13.2,10,5.4,8.8
Calgary,1992,"28,400","22,500",603,6.3,93.7,24.7,20.4,16.5,14.1,10.6,6.3,7.4
Calgary,1993,"26,900","22,300",599,6.1,93.9,23.1,22.5,19.2,13.9,9.1,5.1,7.1
Calgary,1994,"28,200","23,100",616,5.1,94.9,22.6,20.1,17.5,14.2,11,6.7,8
Calgary,1995,"28,600","23,400",633,5,95,23.2,20,17.8,13.7,10.6,5.8,8.8
Calgary,1996,"28,600","22,900",651,4.1,95.9,23,20.3,18.3,13.9,9.7,8,6.8
Calgary,1997,"30,300","23,900",671,5.2,94.8,21.6,21.1,18.5,13.5,9.5,6.4,9.5
Calgary,1998,"33,200","25,100",672,3.3,96.7,19.6,20.3,17.5,14.1,9.3,7.9,11.2
Calgary,1999,"31,700","25,500",643,3.3,96.7,20.4,19.8,16.4,14.6,11.3,6.6,10.9
Calgary,2000,"34,300","26,900",679,3,97,18.9,19.1,18.3,13.5,10.5,6.6,13
Calgary,2001,"35,400","28,800",698,3.2,96.8,17.3,16.4,18.6,15.6,10.3,5.7,16.1
Calgary,2002,"34,400","28,300",737,2.4,97.6,18.9,17.9,16.5,13.3,11.7,6.6,15.1
Calgary,2003,"34,500","26,600",749,3.5,96.5,21.1,17.3,15.9,14.2,11.2,6.5,13.8
Calgary,2004,"36,200","29,800",769,3.4,96.6,18.5,16.1,16.1,15.5,11.3,7.4,15.2
Calgary,2005,"37,100","29,900",765,2.6,97.4,17.8,16.1,16.3,15.3,11.4,7.4,15.6
Calgary,2006,"40,100","31,200",818,0.9,99.1,15.9,16.7,15,15.3,11.1,8.5,17.6
Calgary,2007,"43,200","32,400",832,1.5,98.5,14.6,15.3,15.6,15.5,10.9,8.7,19.5
Calgary,2008,"41,800","33,100",920,1.8,98.2,15.8,13.8,16.2,12.9,12.7,8.6,20
Calgary,2009,"42,900","32,800",899,3.2,96.8,16.1,14.6,14.5,14.1,12.3,7.4,21.1
Calgary,2010,"42,600","32,700",941,3,97,15.8,15.8,14.8,14.7,11.5,7.2,20.1
Calgary,2011,"46,100","34,400","1,066",3.2,96.8,15.7,12.3,14.9,13.8,12.4,7,23.9
Edmonton,1976,"28,700","24,000",380,13.7,86.3,28.9,15,14.8,13.8,8,7.4,12.1
Edmonton,1977,"28,000","23,300",452,14.1,85.9,30.1,15.2,14.5,11.3,10.6,7.7,10.6
Edmonton,1978,"29,100","23,000",440,15.5,84.5,30.5,15.5,13.2,11.6,10.4,6.1,12.7
Edmonton,1979,"29,300","25,200",482,11.3,88.7,27.4,15,14.9,13.5,11.1,7.6,10.6
Edmonton,1980,"31,100","25,900",429,9,91,25.7,15.4,15.3,12.8,11.3,7.2,12.2
Edmonton,1981,"31,600","28,100",525,8.2,91.8,22.9,15.3,15.1,14,11.7,9.2,11.8
Edmonton,1982,"29,900","26,200",554,9.3,90.7,24.4,15.8,15,13.9,12,7.5,11.2
Edmonton,1983,"27,700","24,100",584,10,90,23.3,18.9,17.2,14.8,10.6,6.8,8.5
Edmonton,1984,"26,500","23,100",582,10.7,89.3,26.8,17.9,16.8,13.9,8.9,7.4,8.3
Edmonton,1985,"28,200","23,600",548,8,92,22.9,20.6,17.1,12.9,10.5,6.5,9.5
Edmonton,1986,"28,400","24,800",610,6.8,93.2,22.9,17.6,19.7,13.8,10.8,6.6,8.5
Edmonton,1987,"27,200","22,600",613,6.9,93.1,24.3,19.7,17.7,13.7,9.4,7.4,7.8
Edmonton,1988,"27,800","23,700",623,7.9,92.1,22.6,20.6,17.4,12.8,10,8.6,7.9
Edmonton,1989,"27,900","24,300",633,6.3,93.7,21.6,20,17.8,13.4,12.5,7.5,7.2
Edmonton,1990,"28,300","24,100",644,5.3,94.7,23.5,18.7,16.9,14.9,10.7,7.8,7.4
Edmonton,1991,"27,700","23,400",654,5.6,94.4,22.3,20.5,19.1,14.4,9.6,7.3,7
Edmonton,1992,"26,900","22,400",664,7.6,92.4,25.3,19.9,16.4,15.7,9.9,5.1,7.8
Edmonton,1993,"27,600","23,100",679,5.9,94.1,23.5,20,17.9,12.2,11.7,7.1,7.6
Edmonton,1994,"26,300","21,300",675,5.8,94.2,24.2,23,16.5,13,10,5.9,7.4
Edmonton,1995,"25,800","22,000",686,6.3,93.7,26.2,19.5,17.7,13.6,11,5.7,6.3
Edmonton,1996,"26,500","22,500",690,4.8,95.2,23.4,22,18,13.8,8.9,6.4,7.4
Edmonton,1997,"27,500","23,100",719,4.5,95.5,23.7,20.5,17.3,14.3,10.1,5.8,8.2
Edmonton,1998,"28,400","24,200",724,3.5,96.5,22.7,20.2,17,15.8,9.4,6.7,8.2
Edmonton,1999,"29,300","24,100",762,2.8,97.2,20.3,21.6,18.2,14.1,11,6.7,8.2
Edmonton,2000,"30,300","25,300",764,2.9,97.1,20.5,20.3,17.2,14.2,11.1,7.5,9.2
Edmonton,2001,"32,500","26,500",769,2.5,97.5,18.3,19.8,16.5,15.2,10.4,7.9,11.9
Edmonton,2002,"31,100","26,200",769,2.2,97.8,18.5,18.7,18.3,15.7,9.7,7.7,11.3
Edmonton,2003,"32,000","26,600",789,3.7,96.3,19.8,16.7,18.7,16.1,9.3,6.9,12.7
Edmonton,2004,"33,100","28,100",777,2.9,97.1,18.5,17.1,18.5,14.9,9.8,6.7,14.5
Edmonton,2005,"35,100","29,400",881,2.2,97.8,16.3,18,16.8,15.2,10.1,8.1,15.5
Edmonton,2006,"36,600","31,300",919,0.8,99.2,15.2,15.3,17.6,15,12.7,7.8,16.4
Edmonton,2007,"39,600","33,800",954,1.9,98.1,15.7,14,16,14.1,12.6,8.5,19.2
Edmonton,2008,"38,900","32,300",947,1.9,98.1,14.4,15.8,17.3,13.1,11.3,7.7,20.3
Edmonton,2009,"37,800","32,800",981,2.6,97.4,16.2,16.4,14,13.6,12.5,8.2,19.1
Edmonton,2010,"38,500","31,700",967,2.4,97.6,15.2,17.2,15.5,11.4,12.6,8.6,19.6
Edmonton,2011,"38,400","31,300",931,2.1,97.9,16.2,16.2,15.7,12.4,13.2,7.8,18.5
Vancouver,1976,"29,600","22,700",940,15.7,84.3,32.4,15.1,11.1,11.5,10.4,7.4,12.1
Vancouver,1977,"27,700","22,800","1,016",14.4,85.6,29.5,16.8,12.6,12.4,10.3,8,10.4
Vancouver,1978,"29,400","25,600",962,13.5,86.5,29.2,13.5,13.7,13.6,10.4,8.5,11.1
Vancouver,1979,"28,500","23,300","1,059",12.7,87.3,28.6,17.5,12.8,12.7,8.9,8.9,10.6
Vancouver,1980,"31,100","26,700","1,027",11.6,88.4,25.5,16.2,11.9,14.2,11.2,8.7,12.2
Vancouver,1981,"29,700","25,100","1,081",8.7,91.3,24.6,17,15.3,11.8,11.4,8.6,11.2
Vancouver,1982,"29,000","25,200","1,110",9.5,90.5,24.5,18.8,14,13,11.2,8.2,10.2
Vancouver,1983,"28,300","23,700","1,147",10.9,89.1,25.4,18.9,13.7,14.4,11,6.3,10.4
Vancouver,1984,"27,300","21,500","1,157",9.4,90.6,27.6,19.2,14.7,11.9,10.2,7.1,9.3
Vancouver,1985,"28,200","21,600","1,178",8.3,91.7,26.5,20.5,15.2,11.5,9.6,7.7,9.1
Vancouver,1986,"28,100","22,300","1,191",7.4,92.6,24.6,21.7,15.5,10.7,11.1,8.1,8.4
Vancouver,1987,"27,800","23,000","1,216",6.3,93.7,25.1,19.2,17.4,12.8,12.6,6.3,6.6
Vancouver,1988,"28,700","24,500","1,255",6.4,93.6,20.6,21.1,17.5,13,13.2,7.8,6.8
Vancouver,1989,"28,300","25,000","1,273",6.4,93.6,20.7,17.6,20.9,14.4,11.9,7.9,6.6
Vancouver,1990,"28,300","23,600","1,288",7,93,22.3,20.3,17.6,14,10.9,6.5,8.4
Vancouver,1991,"27,300","23,200","1,317",7.7,92.3,22.1,22.7,17.7,15.3,8.2,7,7
Vancouver,1992,"27,600","22,800","1,380",7.2,92.8,23.5,20.8,16.4,15.2,11.6,5.8,6.7
Vancouver,1993,"26,800","22,000","1,380",6.4,93.6,22.6,23.2,17.3,14.2,9.7,6,7
Vancouver,1994,"26,700","22,100","1,423",7.6,92.4,23.4,21.7,17.5,14.1,10.1,6.8,6.5
Vancouver,1995,"27,300","23,200","1,443",6.8,93.2,22.8,20.8,17.8,13.7,11.2,6.3,7.4
Vancouver,1996,"26,400","21,700","1,539",6.2,93.8,24.6,22.3,16.7,14,9.7,5.8,6.9
Vancouver,1997,"27,100","22,500","1,554",6.1,93.9,25.9,19,17.4,13.9,9.9,6.3,7.6
Vancouver,1998,"28,600","23,700","1,470",3.5,96.5,22.7,21.1,17.2,14.1,9.6,6.9,8.5
Vancouver,1999,"28,100","22,600","1,572",4.9,95.1,24.5,20.2,16.4,14.5,10.1,6,8.4
Vancouver,2000,"27,800","22,400","1,591",4,96,24.2,21.7,14.5,15,9.1,5.9,9.6
Vancouver,2001,"29,200","23,300","1,597",4.1,95.9,23.5,20.7,15.4,14.3,9.8,6.1,10.2
Vancouver,2002,"30,400","22,900","1,653",3.2,96.8,23,21.5,16,12.9,9.4,6.5,10.7
Vancouver,2003,"29,800","22,900","1,657",2.9,97.1,22.6,22.4,15.7,13.3,9.4,5.8,10.9
Vancouver,2004,"30,300","22,600","1,680",2.7,97.3,21,24.6,15.1,12.7,9.2,5.5,12
Vancouver,2005,"30,800","23,900","1,818",2.6,97.4,22.7,20.1,16.3,14.8,8.6,6.1,11.4
Vancouver,2006,"33,100","25,700","1,765",3.2,96.8,21.5,19.7,14.9,13.5,10.5,7.1,12.9
Vancouver,2007,"34,100","26,800","1,814",2.3,97.7,21.4,17.9,15.9,13.9,9.6,8,13.2
Vancouver,2008,"34,500","25,700","1,940",0.4,99.6,21.3,20.1,13.9,12.3,10.8,7.5,14.2
Vancouver,2009,"32,900","25,400","1,940",2.8,97.2,22.7,19.6,14.2,13,9.9,7.7,12.9
Vancouver,2010,"32,500","23,600","2,031",2.9,97.1,22.7,21.5,13.5,12.2,10.6,7,12.5
Vancouver,2011,"33,400","26,100","1,928",2.7,97.3,18.3,21.5,14.8,12.9,12.5,6.4,13.7
Victoria,1976,"27,400","18,200",188,10.4,89.6,33.6,19,10.6,9.8,9.4,6.1,11.6
Victoria,1977,"26,800","22,200",146,9.7,90.3,27.4,18.1,16.1,11.7,11.2,7.4,8.1
Victoria,1978,"26,400","20,700",181,10.2,89.8,28.6,19.4,14.4,12.8,10.5,6.5,7.8
Victoria,1979,"27,500","21,800",172,10.2,89.8,29.2,17.6,15,14.4,6.7,7.7,9.5
Victoria,1980,"25,900","22,500",232,6.3,93.7,22.4,22.7,16.3,19.3,5.4,7.9,5.8
Victoria,1981,"28,300","23,600",200,7.7,92.3,23.5,20.2,16.5,12.3,9,8.3,10.2
Victoria,1982,"27,800","24,200",205,8.5,91.5,25.5,16.4,17.5,15.5,10.2,6.3,8.5
Victoria,1983,"27,700","22,100",220,5.5,94.5,23.4,23.6,15.2,12,10.5,7.9,7.4
Victoria,1984,"27,700","23,200",190,5.7,94.3,23.6,20.2,17.3,14.7,9.3,7.3,7.4
Victoria,1985,"27,400","21,400",206,5.9,94.1,23.2,23.6,16.4,14.3,8.5,5.7,8.2
Victoria,1986,"27,600","22,800",213,5.2,94.8,23.7,20.8,19,12.7,9.5,6.7,7.7
Victoria,1987,"25,200","20,600",216,7,93,23.7,25,17.1,14.6,7.8,6.4,5.3
Victoria,1988,"26,700","22,000",217,5.2,94.8,19.7,25.8,20.7,11.7,9.4,6,6.7
Victoria,1989,"26,500","23,000",223,4.4,95.6,20.9,22.2,20.9,11.2,14.1,5.5,5.2
Victoria,1990,"27,800","24,100",236,5.7,94.3,21.1,21.2,16.6,16.6,10.7,8.3,5.4
Victoria,1991,"27,800","24,900",237,4.9,95.1,20.6,18.8,19.8,15.8,11.2,6.1,7.7
Victoria,1992,"25,600","21,900",245,4.6,95.4,20.1,24.9,19.2,16.5,8.5,5.2,5.6
Victoria,1993,"26,000","23,000",237,3.5,96.5,21.2,22.4,20,15.1,10,7.5,3.8
Victoria,1994,"26,600","21,700",254,4.5,95.5,21.8,23.9,18.7,12.3,11.3,5.7,6.2
Victoria,1995,"27,400","23,900",261,5.3,94.7,21.4,21.8,18.1,13.9,10.5,8.5,5.8
Victoria,1996,"28,000","23,200",253,4.5,95.5,22.3,19.8,17.9,16,10.2,5.5,8.3
Victoria,1997,"26,900","23,600",255,4.2,95.8,22.7,21.3,15.7,17.9,10.4,5.3,6.7
Victoria,1998,"27,400","24,800",252,2.4,97.6,19,22.9,19.6,15.8,10.2,5.8,6.8
Victoria,1999,"28,100","23,100",247,3,97,17.5,26.9,16.1,16.1,10.1,6.3,6.9
Victoria,2000,"27,900","24,200",261,2,98,18.7,23.8,16.1,16.6,12.9,5.7,6.3
Victoria,2001,"30,500","28,200",267,2.5,97.5,17.6,21.3,13.5,19.6,13.1,6.2,8.6
Victoria,2002,"32,000","26,900",254,2.1,97.9,15.5,23.2,15.7,15.5,15.1,6.6,8.4
Victoria,2003,"29,100","23,700",267,2.4,97.6,19.4,24.2,16.8,13.4,10.5,6.6,9.2
Victoria,2004,"32,900","26,300",254,3,97,19.9,19,16.4,15.9,11.8,5.5,11.5
Victoria,2005,"35,100","23,600",294,1.6,98.4,18.5,21.2,20.9,13.5,8.6,5.9,11.4
Victoria,2006,"32,100","25,100",297,0.7,99.3,14.4,25.7,17.6,12.7,11.9,5.8,11.9
Victoria,2007,"33,700","27,600",275,1.5,98.5,13.5,20.9,19.2,14.9,11.6,6.7,13
Victoria,2008,"37,400","31,900",297,0.1,99.9,13.4,15.3,18.2,15.2,15.5,7.7,14.8
Victoria,2009,"37,900","31,600",300,1.6,98.4,12.4,19.8,15.4,14.5,13.5,9.5,14.9
Victoria,2010,"36,900","30,400",297,1.7,98.3,16.7,15.9,16.9,12.7,12.8,8.8,16.1
Victoria,2011,"33,800","27,900",341,2.3,97.7,15.2,20.8,17.3,15,9.5,7.5,14.8
